1,Technology is the top-performing category,,,,,,
 ,"Sales:836,154.10",,,,,,
,"Profit:145,455.66",,,,,,
,it genrates the highest salesand profit ,,sales  and  profit among the three categories,,,,
2,West is the strongest redion by sales and profit,,,,,,
,"Sales:725,457.93",,,,,,
,"profit:108,418.79",,,,,,
,"The south region has the lowest sales at 391,721.90",,,,,,
3,Consumer segment contributes the most revenue,,,,,,
,"Sales:1.161,401.34",,,,,,
,"Profit:134,119.33",,,,,,
,Consumer sales are substainally higher than corporate and home office,,,,,,ffice
4,overall business is profitable,,,,,,
,"Total Sales:2,297,201.07",,,,,,
,"Total Profit:286,397.79",,,,,,
,This gives an overall profit margin of approxmately 12.5%,,,,,,
5,Sales fluctuate significantly over time,,,,,,
,"The sales trend chart shows frequnet spikes and drops,with some periods having much higher sales than others.",,,,,,
